-- ============================================================
-- 第三部分：初始化数据
-- ============================================================

USE salary_system;

-- ============================================================
-- 角色数据
-- ============================================================
INSERT INTO sys_role (role_code, role_name, description) VALUES
('ADMIN', '系统管理员', '拥有全部权限，可查看、统计、修改、打印所有部门所有员工薪资数据'),
('MANAGER', '管理人员', '可查看本部门全员薪资数据（部门经理/总经理/分部经理）'),
('EMPLOYEE', '普通员工', '仅可查看个人薪资数据');

-- ============================================================
-- 用户数据（演示环境使用明文密码，生产环境请改为BCrypt加密）
-- ============================================================
INSERT INTO sys_user (username, password, employee_id, status) VALUES
('admin', '123456', NULL, 1),
('zhangsan', '123456', 1, 1),
('lisi', '123456', 2, 1),
('wangwu', '123456', 3, 1),
('zhaoliu', '123456', 4, 1),
('sunqi', '123456', 5, 1),
('zhouba', '123456', 6, 1),
('wujiu', '123456', 7, 1),
('zhengshi', '123456', 8, 1),
('liuyi', '123456', 9, 1),
('chener', '123456', 10, 1);

-- ============================================================
-- 用户角色关联
-- ============================================================
INSERT INTO sys_user_role (user_id, role_id) VALUES
(1, 1), -- admin -> 管理员
(2, 3), -- zhangsan -> 普通员工
(3, 2), -- lisi -> 管理人员(部门经理)
(4, 3), -- wangwu -> 普通员工
(5, 3), -- zhaoliu -> 普通员工
(6, 2), -- sunqi -> 管理人员(总经理)
(7, 3), -- zhouba -> 普通员工
(8, 3), -- wujiu -> 普通员工
(9, 3), -- zhengshi -> 普通员工
(10, 3), -- liuyi -> 普通员工
(11, 3); -- chener -> 普通员工

-- ============================================================
-- 部门数据（三级架构：总部-一级部门-分部）
-- ============================================================
INSERT INTO department (id, dept_name, parent_id, dept_level, sort_order, description) VALUES
(1, '佛山大学总部', 0, 1, 1, '学校总部/最高层级'),
(2, '技术研发中心', 1, 2, 1, '一级部门-技术研发'),
(3, '行政管理中心', 1, 2, 2, '一级部门-行政管理'),
(4, '教学管理中心', 1, 2, 3, '一级部门-教学管理'),
(5, '前端开发部', 2, 3, 1, '技术研发中心分部'),
(6, '后端开发部', 2, 3, 2, '技术研发中心分部'),
(7, '人事部', 3, 3, 1, '行政管理中心分部'),
(8, '财务部', 3, 3, 2, '行政管理中心分部');

-- ============================================================
-- 岗位数据
-- ============================================================
INSERT INTO position (id, position_name, position_type, position_salary, description) VALUES
(1, '总经理', 'MANAGEMENT', 8000.00, '管理岗-学校总经理'),
(2, '副总经理', 'MANAGEMENT', 6000.00, '管理岗-副总经理'),
(3, '部门经理', 'MANAGEMENT', 4000.00, '管理岗-部门经理'),
(4, '分部经理', 'MANAGEMENT', 3000.00, '管理岗-分部经理'),
(5, '项目经理', 'TECHNICAL', 2500.00, '技术岗-项目经理'),
(6, '产品经理', 'TECHNICAL', 2500.00, '技术岗-产品经理'),
(7, '技术经理', 'TECHNICAL', 2500.00, '技术岗-技术经理'),
(8, '高级开发工程师', 'TECHNICAL', 2000.00, '技术岗-高级开发工程师'),
(9, '开发工程师', 'TECHNICAL', 1500.00, '技术岗-开发工程师'),
(10, '项目助理', 'TECHNICAL', 1000.00, '技术岗-项目助理');

-- ============================================================
-- 职称数据
-- ============================================================
INSERT INTO title (id, title_name, title_salary, description) VALUES
(1, '正高级', 5000.00, '教授/研究员级别'),
(2, '副高级', 3500.00, '副教授/副研究员级别'),
(3, '中级', 2000.00, '讲师/工程师级别'),
(4, '初级', 1000.00, '助教/助理工程师级别'),
(5, '员级', 500.00, '技术员级别');

-- ============================================================
-- 员工数据
-- ============================================================
INSERT INTO employee (id, emp_no, name, gender, department_id, position_id, title_id, entry_date, base_salary, phone, email, status) VALUES
(1, 'FS2020001', '张三', 1, 2, 3, 3, '2020-03-15', 5000.00, '13800001001', 'zhangsan@fosu.edu.cn', 1),
(2, 'FS2021001', '李四', 2, 5, 4, 3, '2021-07-01', 4500.00, '13800001002', 'lisi@fosu.edu.cn', 1),
(3, 'FS2019001', '王五', 1, 6, 8, 2, '2019-01-10', 6000.00, '13800001003', 'wangwu@fosu.edu.cn', 1),
(4, 'FS2022001', '赵六', 2, 5, 9, 4, '2022-09-01', 3500.00, '13800001004', 'zhaoliu@fosu.edu.cn', 1),
(5, 'FS2018001', '孙七', 1, 1, 1, 1, '2018-05-20', 10000.00, '13800001005', 'sunqi@fosu.edu.cn', 1),
(6, 'FS2022002', '周八', 1, 7, 9, 5, '2022-06-15', 3000.00, '13800001006', 'zhouba@fosu.edu.cn', 1),
(7, 'FS2023001', '吴九', 1, 5, 9, 4, '2023-01-05', 3500.00, '13800001007', 'wujiu@fosu.edu.cn', 1),
(8, 'FS2021002', '郑十', 2, 8, 10, 4, '2021-11-01', 3200.00, '13800001008', 'zhengshi@fosu.edu.cn', 1),
(9, 'FS2023002', '刘一', 2, 6, 9, 5, '2023-03-20', 3500.00, '13800001009', 'liuyi@fosu.edu.cn', 1),
(10, 'FS2024001', '陈二', 1, 8, 10, 5, '2024-01-10', 3000.00, '13800001010', 'chener@fosu.edu.cn', 1);

-- 更新部门负责人
UPDATE department SET manager_id = 5 WHERE id = 1;  -- 孙七是总部负责人(总经理)
UPDATE department SET manager_id = 3 WHERE id = 5;  -- 王五是前端开发部经理
UPDATE department SET manager_id = 1 WHERE id = 6;  -- 张三是后端开发部经理

-- ============================================================
-- 工资项配置数据
-- ============================================================
INSERT INTO salary_item_config (item_name, item_code, item_type, is_active, sort_order, description) VALUES
('基本工资', 'BASE_SALARY', 'SYSTEM', 1, 1, '员工个人专属基础底薪，系统自动获取'),
('岗位工资', 'POSITION_SALARY', 'SYSTEM', 1, 2, '与岗位绑定的统一标准薪资，系统自动获取'),
('职级工资', 'TITLE_SALARY', 'SYSTEM', 1, 3, '与职级绑定的统一标准薪资，系统自动获取'),
('工龄工资', 'SENIORITY_PAY', 'SYSTEM', 1, 4, '基于入职日期自动计算，系统自动获取'),
('全勤奖金', 'ATTENDANCE_BONUS', 'SYSTEM', 1, 5, '全勤奖300元/月，系统根据考勤自动计算'),
('事假扣款', 'LEAVE_DEDUCTION', 'SYSTEM', 1, 6, '事假100元/天，系统自动计算'),
('迟到扣款', 'LATE_DEDUCTION', 'SYSTEM', 1, 7, '迟到50元/次，系统自动计算'),
('旷工扣款', 'ABSENT_DEDUCTION', 'SYSTEM', 1, 8, '旷工300元/天，系统自动计算'),
('项目奖金', 'PROJECT_BONUS', 'MANUAL', 1, 9, '用户手动录入的项目奖金'),
('个税扣除', 'TAX_DEDUCTION', 'MANUAL', 1, 10, '用户手动录入的个税扣除'),
('其他加项', 'OTHER_ADDITIONS', 'MANUAL', 1, 11, '用户手动录入的其他加项'),
('其他减项', 'OTHER_DEDUCTIONS', 'MANUAL', 1, 12, '用户手动录入的其他减项');

-- ============================================================
-- 工龄工资规则数据（初始化旧规则为默认规则）
-- ============================================================
INSERT INTO seniority_pay_rule (rule_name, rule_type, first_year_amount, increment_per_year, effective_date, is_active) VALUES
('旧工龄工资规则', 'OLD', 300.00, 300.00, '2000-01-01', 1),
('新工龄工资规则', 'NEW', 300.00, 100.00, '2025-01-01', 0);

-- ============================================================
-- 考勤示例数据（2025年6月）
-- ============================================================
INSERT INTO attendance (employee_id, attendance_year, attendance_month, leave_days, late_times, absent_days) VALUES
(1, 2025, 6, 0, 0, 0),   -- 张三：全勤
(2, 2025, 6, 0, 0, 0),   -- 李四：全勤
(3, 2025, 6, 1, 0, 0),   -- 王五：事假1天
(4, 2025, 6, 0, 2, 0),   -- 赵六：迟到2次
(5, 2025, 6, 0, 0, 0),   -- 孙七：全勤
(6, 2025, 6, 0, 0, 0),   -- 周八：全勤
(7, 2025, 6, 0, 1, 0),   -- 吴九：迟到1次
(8, 2025, 6, 2, 0, 0),   -- 郑十：事假2天
(9, 2025, 6, 0, 0, 1),   -- 刘一：旷工1天
(10, 2025, 6, 0, 0, 0);  -- 陈二：全勤
